Compound_Name	Order	N_co-occurrences_mmvec
Histamine-C2:0	Lachnospirales	168
Histamine-C2:0	Lactobacillales	133
Histamine-C2:0	Oscillospirales	120
Histamine-C2:0	Bacteroidales	104
Histamine-C2:0	Enterobacterales	47
Histamine-C2:0	Coriobacteriales	43
Histamine-C2:0	Erysipelotrichales	40
Histamine-C2:0	Actinomycetales	37
Histamine-C2:0	Christensenellales	22
Histamine-C2:0	Veillonellales	19
Histamine-C2:0	Burkholderiales	18
Histamine-C2:0	Peptostreptococcales	17
Histamine-C2:0	RF39	16
Histamine-C3:0	Bacteroidales	12
Histamine-C2:0	Acidaminococcales	11
Histamine-C2:0	TANB77	10
Histamine-C3:0	Lachnospirales	10
Histamine-C2:0	Verrucomicrobiales	10
Histamine-C2:0	Tissierellales	9
Histamine-C2:0	RF32	8
Histamine-C3:0	Enterobacterales	8
Histamine-C3:0	Oscillospirales	8
Histamine-C2:0	Gastranaerophilales	7
Histamine-C2:0	Methanobacteriales	7
Histamine-C2:0	Fusobacteriales	7
Histamine-C2:0	Propionibacteriales	7
Histamine-C2:0	Clostridiales	6
Histamine-C3:0	Christensenellales	5
Histamine-C3:0	Veillonellales	4
Histamine-C2:0	Desulfovibrionales	4
Histamine-C2:0	Saccharimonadales	4
Histamine-C2:0	Synergistales	4
Histamine-C2:0	Haloplasmatales_A	4
Histamine-C2:0	ML615J-28	4
Histamine-C3:0	Lactobacillales	4
Histamine-C3:0	Acidaminococcales	3
Histamine-C2:0	Mycobacteriales	3
Histamine-C2:0	Acholeplasmatales	3
Histamine-C3:0	Erysipelotrichales	3
Histamine-C3:0	Coriobacteriales	2
Histamine-C2:0	Selenomonadales	2
Histamine-C2:0	RFN20	2
Histamine-C2:0	Staphylococcales	2
Histamine-C2:0	Eubacteriales	2
Histamine-C2:0	Campylobacterales	2
Histamine-C2:0	Victivallales	2
Histamine-C2:0	Rhizobiales	2